{
  "timestamp": "2026-04-26T04:28:26.813668",
  "episodes": 75,
  "episode_rewards": [
    0.001,
    0.001,
    0.001,
    0.001,
    0.001,
    0.001,
    0.001,
    0.001,
    0.001,
    0.7794,
    0.7794,
    0.7794,
    0.7794,
    0.7794,
    0.7794,
    0.7794,
    0.7794,
    0.7794,
    0.7794,
    0.7794,
    0.7794,
    0.7794,
    0.7794,
    0.7794,
    0.7794,
    0.7794,
    0.7794,
    0.7794,
    0.7794,
    0.6176,
    0.6176,
    0.6176,
    0.6176,
    0.6176,
    0.6176,
    0.6176,
    0.6176,
    0.6176,
    0.6176,
    0.6176,
    0.6176,
    0.6176,
    0.6176,
    0.6176,
    0.6176,
    0.6176,
    0.6176,
    0.6176,
    0.6176,
    0.6176,
    0.6176,
    0.6176,
    0.6176,
    0.6176,
    0.6176,
    0.6176,
    0.6176,
    0.6176,
    0.6176,
    0.6176,
    0.6176,
    0.6176,
    0.6176,
    0.6176,
    0.6176,
    0.6176,
    0.6176,
    0.6176,
    0.6176,
    0.6765,
    0.6765,
    0.6765,
    0.6765,
    0.6765,
    0.6765
  ],
  "task_performance": {
    "1": [
      0.6176,
      0.6176,
      0.6176,
      0.6176,
      0.6176,
      0.6176,
      0.6176,
      0.6176,
      0.6176,
      0.6176,
      0.6176,
      0.6176,
      0.6176,
      0.6176,
      0.6176,
      0.6176,
      0.6176,
      0.6176,
      0.6176,
      0.6176
    ],
    "2": [
      0.6765,
      0.6765,
      0.6765,
      0.6765,
      0.6765,
      0.6765
    ],
    "3": [
      0.001,
      0.001,
      0.001,
      0.001,
      0.001,
      0.001,
      0.001,
      0.001,
      0.001
    ],
    "4": [
      0.7794,
      0.7794,
      0.7794,
      0.7794,
      0.7794,
      0.7794,
      0.7794,
      0.7794,
      0.7794,
      0.7794,
      0.7794,
      0.7794,
      0.7794,
      0.7794,
      0.7794,
      0.7794,
      0.7794,
      0.7794,
      0.7794,
      0.7794
    ],
    "5": [
      0.6176,
      0.6176,
      0.6176,
      0.6176,
      0.6176,
      0.6176,
      0.6176,
      0.6176,
      0.6176,
      0.6176,
      0.6176,
      0.6176,
      0.6176,
      0.6176,
      0.6176,
      0.6176,
      0.6176,
      0.6176,
      0.6176,
      0.6176
    ]
  },
  "learning_milestones": [],
  "final_stats": {
    "average_reward": 0.5914666666666666,
    "best_reward": 0.7794,
    "final_performance": 0.6765,
    "beat_baseline": false,
    "high_reward_episodes": 20
  },
  "self_improvement_stats": {
    "performance_trend": "stable",
    "current_parameters": {
      "learning_rate": 0.179817511990125,
      "confidence_threshold": 0.8800000000000001,
      "exploration_rate": 0.4,
      "current_strategy": "balanced"
    },
    "knowledge_evolution": {
      "dynamic_keywords_count": 168,
      "pattern_library_size": 0,
      "mistakes_learned_from": 9
    },
    "task_expertise": {
      "1": {
        "attempts": 20,
        "successes": 20,
        "avg_reward": 0.6175999999999998
      },
      "2": {
        "attempts": 6,
        "successes": 6,
        "avg_reward": 0.6765
      },
      "3": {
        "attempts": 9,
        "successes": 0,
        "avg_reward": 0.001
      },
      "4": {
        "attempts": 20,
        "successes": 20,
        "avg_reward": 0.7794000000000004
      },
      "5": {
        "attempts": 20,
        "successes": 20,
        "avg_reward": 0.6175999999999998
      }
    },
    "recent_performance": 0.65294
  }
}